./images/processed/alex/pic1.jpg;0
./images/processed/alex/pic10.jpg;0
./images/processed/alex/pic2.jpg;0
./images/processed/alex/pic3.jpg;0
./images/processed/alex/pic4.jpg;0
./images/processed/alex/pic5.jpg;0
./images/processed/alex/pic6.jpg;0
./images/processed/alex/pic7.jpg;0
./images/processed/alex/pic8.jpg;0
./images/processed/alex/pic9.jpg;0
./images/processed/milin/pic1.jpg;1
./images/processed/milin/pic10.jpg;1
./images/processed/milin/pic2.jpg;1
./images/processed/milin/pic3.jpg;1
./images/processed/milin/pic4.jpg;1
./images/processed/milin/pic5.jpg;1
./images/processed/milin/pic6.jpg;1
./images/processed/milin/pic7.jpg;1
./images/processed/milin/pic8.jpg;1
./images/processed/milin/pic9.jpg;1
./images/processed/nico/pic1.jpg;2
./images/processed/nico/pic10.jpg;2
./images/processed/nico/pic2.jpg;2
./images/processed/nico/pic3.jpg;2
./images/processed/nico/pic4.jpg;2
./images/processed/nico/pic5.jpg;2
./images/processed/nico/pic6.jpg;2
./images/processed/nico/pic7.jpg;2
./images/processed/nico/pic8.jpg;2
./images/processed/nico/pic9.jpg;2
./images/processed/puneeth/pic1.jpg;3
./images/processed/puneeth/pic10.jpg;3
./images/processed/puneeth/pic2.jpg;3
./images/processed/puneeth/pic3.jpg;3
./images/processed/puneeth/pic4.jpg;3
./images/processed/puneeth/pic5.jpg;3
./images/processed/puneeth/pic6.jpg;3
./images/processed/puneeth/pic7.jpg;3
./images/processed/puneeth/pic8.jpg;3
./images/processed/puneeth/pic9.jpg;3
